rick,rick,rpayan@uninorte.edu.co,1,
hurtado,hurtado,mjhurtado@uninorte.edu.co,2,
Angela,1234567,gangelam@uninorte.edu.co,1,
claudia,claudia,cmrocha@uninorte.edu.co,1,
wbs,wbs,wbsprojectman@gmail.com,2,
abc,abc,wbsprojectman@gmail.com,2,
clau,clau,rochaclaudia177@gmail.com,2,
ricardo,ricardo,rpayan@uninorte.edu.co,2,
r,r,rpayan@uninorte.edu.co,1,
donato,donato,mdonato@uninorte.edu.co,1,
